chrom	start	end	GC
chrX	0	100000	0.47561
chrX	100000	200000	0.48188277784320654
chrX	200000	300000	
chrX	300000	400000	0.46201461070798194
chrX	400000	500000	0.4637437437437437
chrX	500000	600000	0.45747747747747747
chrX	600000	700000	0.46188
chrX	700000	800000	0.46958
chrX	800000	900000	0.47445891783567135
chrX	900000	1000000	0.5019539078156313
chrX	1000000	1100000	0.57064
chrX	1100000	1200000	0.53885
chrX	1200000	1300000	0.5092292292292292
chrX	1300000	1400000	0.50079
chrX	1400000	1500000	0.46804
chrX	1500000	1600000	0.45865
chrX	1600000	1700000	0.45974
chrX	1700000	1800000	0.48514
chrX	1800000	1900000	0.47734
chrX	1900000	2000000	0.46858
chrX	2000000	2100000	0.47901
chrX	2100000	2200000	0.45789
chrX	2200000	2300000	0.46249
chrX	2300000	2400000	0.45439
chrX	2400000	2500000	0.44753
chrX	2500000	2600000	0.44733
chrX	2600000	2700000	0.40503
chrX	2700000	2800000	0.4196
chrX	2800000	2900000	0.40725
chrX	2900000	3000000	0.43076
chrX	3000000	3100000	0.41554
chrX	3100000	3200000	0.41919
chrX	3200000	3300000	0.45015
chrX	3300000	3400000	0.45036
chrX	3400000	3500000	0.45573
chrX	3500000	3600000	0.39681
chrX	3600000	3700000	0.39567
chrX	3700000	3800000	0.38988
chrX	3800000	3900000	0.37724
chrX	3900000	4000000	0.38282
chrX	4000000	4100000	0.37977
chrX	4100000	4200000	0.37364
chrX	4200000	4300000	0.38183
chrX	4300000	4400000	0.39107
chrX	4400000	4500000	0.38117
chrX	4500000	4600000	0.36728
chrX	4600000	4700000	0.37096
chrX	4700000	4800000	0.36589
chrX	4800000	4900000	0.37433
chrX	4900000	5000000	0.38273
chrX	5000000	5100000	0.37645
chrX	5100000	5200000	0.37451
chrX	5200000	5300000	0.38677
chrX	5300000	5400000	0.37506
chrX	5400000	5500000	0.38538
chrX	5500000	5600000	0.38267
chrX	5600000	5700000	0.38759
chrX	5700000	5800000	0.40131
chrX	5800000	5900000	0.3985
chrX	5900000	6000000	0.38603
chrX	6000000	6100000	0.38798
chrX	6100000	6200000	0.38983
chrX	6200000	6300000	0.39143
chrX	6300000	6400000	0.40064
chrX	6400000	6500000	0.40562
chrX	6500000	6600000	0.4136
chrX	6600000	6700000	0.43643
chrX	6700000	6800000	0.40978
chrX	6800000	6900000	0.4072
chrX	6900000	7000000	0.39125
chrX	7000000	7100000	0.37531
chrX	7100000	7200000	0.38953
chrX	7200000	7300000	0.38369
chrX	7300000	7400000	0.39349
chrX	7400000	7500000	0.38876
chrX	7500000	7600000	0.39154
chrX	7600000	7700000	0.38841
chrX	7700000	7800000	0.37518
chrX	7800000	7900000	0.38625
chrX	7900000	8000000	0.39733
chrX	8000000	8100000	0.38915
chrX	8100000	8200000	0.39098
chrX	8200000	8300000	0.41859
chrX	8300000	8400000	0.4024
chrX	8400000	8500000	0.39517
chrX	8500000	8600000	0.38428
chrX	8600000	8700000	0.4046
chrX	8700000	8800000	0.40881
chrX	8800000	8900000	0.42887
chrX	8900000	9000000	0.45785402175851614
chrX	9000000	9100000	0.45571
chrX	9100000	9200000	0.44677
chrX	9200000	9300000	0.45607
chrX	9300000	9400000	0.46586
chrX	9400000	9500000	0.47085
chrX	9500000	9600000	0.46169
chrX	9600000	9700000	0.45014
chrX	9700000	9800000	0.46199
chrX	9800000	9900000	0.4074
chrX	9900000	10000000	0.39716
chrX	10000000	10100000	0.39013
chrX	10100000	10200000	0.38452
chrX	10200000	10300000	0.39588
chrX	10300000	10400000	0.39009
chrX	10400000	10500000	0.38238
chrX	10500000	10600000	0.38669
chrX	10600000	10700000	0.37962
chrX	10700000	10800000	0.40471
chrX	10800000	10900000	0.39303
chrX	10900000	11000000	0.3815
chrX	11000000	11100000	0.39589
chrX	11100000	11200000	0.38874
chrX	11200000	11300000	0.39256
chrX	11300000	11400000	0.40038
chrX	11400000	11500000	0.38466
chrX	11500000	11600000	0.39216
chrX	11600000	11700000	0.3738
chrX	11700000	11800000	0.39017
chrX	11800000	11900000	0.37937
chrX	11900000	12000000	0.38819
chrX	12000000	12100000	0.39152
chrX	12100000	12200000	0.38533
chrX	12200000	12300000	0.38836
chrX	12300000	12400000	0.39882
chrX	12400000	12500000	0.41696
chrX	12500000	12600000	0.41626
chrX	12600000	12700000	0.41551
chrX	12700000	12800000	0.41573
chrX	12800000	12900000	0.40643
chrX	12900000	13000000	0.40534
chrX	13000000	13100000	0.40497
chrX	13100000	13200000	0.41417
chrX	13200000	13300000	0.40576
chrX	13300000	13400000	0.41332
chrX	13400000	13500000	0.41237
chrX	13500000	13600000	0.41124
chrX	13600000	13700000	0.41833
chrX	13700000	13800000	0.38834
chrX	13800000	13900000	0.37674
chrX	13900000	14000000	0.37992
chrX	14000000	14100000	0.37412
chrX	14100000	14200000	0.3706
chrX	14200000	14300000	0.37999
chrX	14300000	14400000	0.3891
chrX	14400000	14500000	0.38888
chrX	14500000	14600000	0.3616
chrX	14600000	14700000	0.38734
chrX	14700000	14800000	0.38237
chrX	14800000	14900000	0.38136
chrX	14900000	15000000	0.41381
chrX	15000000	15100000	0.39457
chrX	15100000	15200000	0.39205
chrX	15200000	15300000	0.38675
chrX	15300000	15400000	0.40478
chrX	15400000	15500000	0.42157
chrX	15500000	15600000	0.40049
chrX	15600000	15700000	0.39481
chrX	15700000	15800000	0.38976
chrX	15800000	15900000	0.40595
chrX	15900000	16000000	0.38044
chrX	16000000	16100000	0.38549
chrX	16100000	16200000	0.40868
chrX	16200000	16300000	0.41711
chrX	16300000	16400000	0.44076
chrX	16400000	16500000	0.45131
chrX	16500000	16600000	0.42799
chrX	16600000	16700000	0.40635
chrX	16700000	16800000	0.40021
chrX	16800000	16900000	0.41013
chrX	16900000	17000000	0.40741
chrX	17000000	17100000	0.39435
chrX	17100000	17200000	0.41963
chrX	17200000	17300000	0.42808
chrX	17300000	17400000	0.42161
chrX	17400000	17500000	0.40902
chrX	17500000	17600000	0.45224
chrX	17600000	17700000	0.40508
chrX	17700000	17800000	0.40738
chrX	17800000	17900000	0.40858
chrX	17900000	18000000	0.41397
chrX	18000000	18100000	0.39257
chrX	18100000	18200000	0.44613
chrX	18200000	18300000	0.4003
chrX	18300000	18400000	0.38848
chrX	18400000	18500000	0.44532
chrX	18500000	18600000	0.41287
chrX	18600000	18700000	0.47511
chrX	18700000	18800000	0.42359
chrX	18800000	18900000	0.44005
chrX	18900000	19000000	0.41866
chrX	19000000	19100000	0.41011
chrX	19100000	19200000	0.45224
chrX	19200000	19300000	0.4409
chrX	19300000	19400000	0.43534
chrX	19400000	19500000	0.40913
chrX	19500000	19600000	0.4302
chrX	19600000	19700000	0.4353
chrX	19700000	19800000	0.42609
chrX	19800000	19900000	0.43533
chrX	19900000	20000000	0.3764
chrX	20000000	20100000	0.39987
chrX	20100000	20200000	0.40311
chrX	20200000	20300000	0.39051
chrX	20300000	20400000	0.38752
chrX	20400000	20500000	0.38465
chrX	20500000	20600000	0.36909
chrX	20600000	20700000	0.37714
chrX	20700000	20800000	0.38351
chrX	20800000	20900000	0.36714
chrX	20900000	21000000	0.37561
chrX	21000000	21100000	0.3725
chrX	21100000	21200000	0.36544
chrX	21200000	21300000	0.33715
chrX	21300000	21400000	0.35529
chrX	21400000	21500000	0.40165
chrX	21500000	21600000	0.39876
chrX	21600000	21700000	0.38714
chrX	21700000	21800000	0.43179
chrX	21800000	21900000	0.41113
chrX	21900000	22000000	0.39846
chrX	22000000	22100000	0.39558
chrX	22100000	22200000	0.39122
chrX	22200000	22300000	0.36665
chrX	22300000	22400000	0.37347
chrX	22400000	22500000	0.3745
chrX	22500000	22600000	0.37021
chrX	22600000	22700000	0.34605
chrX	22700000	22800000	0.37578
chrX	22800000	22900000	0.37256
chrX	22900000	23000000	0.38084
chrX	23000000	23100000	0.38854
chrX	23100000	23200000	0.41657
chrX	23200000	23300000	0.39123
chrX	23300000	23400000	0.38425
chrX	23400000	23500000	0.41702
chrX	23500000	23600000	0.45151
chrX	23600000	23700000	0.44487
chrX	23700000	23800000	0.42621
chrX	23800000	23900000	0.43322
chrX	23900000	24000000	0.42852
chrX	24000000	24100000	0.41787
chrX	24100000	24200000	0.4351
chrX	24200000	24300000	0.42115
chrX	24300000	24400000	0.4127
chrX	24400000	24500000	0.41891
chrX	24500000	24600000	0.3973
chrX	24600000	24700000	0.37426
chrX	24700000	24800000	0.38566
chrX	24800000	24900000	0.447
chrX	24900000	25000000	0.3974
chrX	25000000	25100000	0.39054
chrX	25100000	25200000	0.38203
chrX	25200000	25300000	0.38387
chrX	25300000	25400000	0.37623
chrX	25400000	25500000	0.3693
chrX	25500000	25600000	0.37054
chrX	25600000	25700000	0.35428
chrX	25700000	25800000	0.35564
chrX	25800000	25900000	0.36332
chrX	25900000	26000000	0.36007
chrX	26000000	26100000	0.40039
chrX	26100000	26200000	0.35297
chrX	26200000	26300000	0.35536
chrX	26300000	26400000	0.37205
chrX	26400000	26500000	0.3623
chrX	26500000	26600000	0.34578
chrX	26600000	26700000	0.35987
chrX	26700000	26800000	0.35887
chrX	26800000	26900000	0.35499
chrX	26900000	27000000	0.36983
chrX	27000000	27100000	0.36632
chrX	27100000	27200000	0.36442
chrX	27200000	27300000	0.35717
chrX	27300000	27400000	0.3657
chrX	27400000	27500000	0.36332
chrX	27500000	27600000	0.35778
chrX	27600000	27700000	0.39081
chrX	27700000	27800000	0.36583
chrX	27800000	27900000	0.37832
chrX	27900000	28000000	0.34791
chrX	28000000	28100000	0.36355
chrX	28100000	28200000	0.36143
chrX	28200000	28300000	0.36261
chrX	28300000	28400000	0.37388
chrX	28400000	28500000	0.38465
chrX	28500000	28600000	0.36674
chrX	28600000	28700000	0.35988
chrX	28700000	28800000	0.3477
chrX	28800000	28900000	0.34517
chrX	28900000	29000000	0.3581
chrX	29000000	29100000	0.36806
chrX	29100000	29200000	0.36103
chrX	29200000	29300000	0.3656
chrX	29300000	29400000	0.3629
chrX	29400000	29500000	0.35757
chrX	29500000	29600000	0.36899
chrX	29600000	29700000	0.3642
chrX	29700000	29800000	0.36696
chrX	29800000	29900000	0.37122
chrX	29900000	30000000	0.38333
chrX	30000000	30100000	0.39814
chrX	30100000	30200000	0.39919
chrX	30200000	30300000	0.36836
chrX	30300000	30400000	0.38147
chrX	30400000	30500000	0.40721
chrX	30500000	30600000	0.39648
chrX	30600000	30700000	0.47568
chrX	30700000	30800000	0.38574
chrX	30800000	30900000	0.39848
chrX	30900000	31000000	0.40505
chrX	31000000	31100000	0.38131
chrX	31100000	31200000	0.38607
chrX	31200000	31300000	0.38682
chrX	31300000	31400000	0.38683
chrX	31400000	31500000	0.36402
chrX	31500000	31600000	0.36233
chrX	31600000	31700000	0.35597
chrX	31700000	31800000	0.36353
chrX	31800000	31900000	0.35694
chrX	31900000	32000000	0.34919
chrX	32000000	32100000	0.36692
chrX	32100000	32200000	0.35649
chrX	32200000	32300000	0.34221
chrX	32300000	32400000	0.34704
chrX	32400000	32500000	0.3493
chrX	32500000	32600000	0.35796
chrX	32600000	32700000	0.35471
chrX	32700000	32800000	0.36378
chrX	32800000	32900000	0.36729
chrX	32900000	33000000	0.35497
chrX	33000000	33100000	0.36441
chrX	33100000	33200000	0.34452
chrX	33200000	33300000	0.34595
chrX	33300000	33400000	0.3581
chrX	33400000	33500000	0.36618
chrX	33500000	33600000	0.36222
chrX	33600000	33700000	0.351
chrX	33700000	33800000	0.35787
chrX	33800000	33900000	0.36434
chrX	33900000	34000000	0.35249
chrX	34000000	34100000	0.35702
chrX	34100000	34200000	0.35787
chrX	34200000	34300000	0.3603
chrX	34300000	34400000	0.36932
chrX	34400000	34500000	0.37182
chrX	34500000	34600000	0.3684
chrX	34600000	34700000	0.3712
chrX	34700000	34800000	0.36056
chrX	34800000	34900000	0.35965
chrX	34900000	35000000	0.37013
chrX	35000000	35100000	0.3675
chrX	35100000	35200000	0.3762
chrX	35200000	35300000	0.37102
chrX	35300000	35400000	0.37229
chrX	35400000	35500000	0.38143
chrX	35500000	35600000	0.36773
chrX	35600000	35700000	0.36535
chrX	35700000	35800000	0.36559
chrX	35800000	35900000	0.36985
chrX	35900000	36000000	0.36454
chrX	36000000	36100000	0.34327
chrX	36100000	36200000	0.35097
chrX	36200000	36300000	0.35373
chrX	36300000	36400000	0.34331
chrX	36400000	36500000	0.3848
chrX	36500000	36600000	0.37122
chrX	36600000	36700000	0.36824
chrX	36700000	36800000	0.41739
chrX	36800000	36900000	0.36861
chrX	36900000	37000000	0.40231
chrX	37000000	37100000	0.422
chrX	37100000	37200000	0.3941
chrX	37200000	37300000	0.40303
chrX	37300000	37400000	0.4025
chrX	37400000	37500000	0.38943
chrX	37500000	37600000	0.37784
chrX	37600000	37700000	0.39397
chrX	37700000	37800000	0.3918
chrX	37800000	37900000	0.38095
chrX	37900000	38000000	0.39777
chrX	38000000	38100000	0.40961
chrX	38100000	38200000	0.39371
chrX	38200000	38300000	0.39662
chrX	38300000	38400000	0.39509
chrX	38400000	38500000	0.3977
chrX	38500000	38600000	0.38925
chrX	38600000	38700000	0.40468
chrX	38700000	38800000	0.40602
chrX	38800000	38900000	0.41335
chrX	38900000	39000000	0.40183
chrX	39000000	39100000	0.41842
chrX	39100000	39200000	0.42511
chrX	39200000	39300000	0.45492
chrX	39300000	39400000	0.45788
chrX	39400000	39500000	0.45012
chrX	39500000	39600000	0.47069
chrX	39600000	39700000	0.48431
chrX	39700000	39800000	0.49162
chrX	39800000	39900000	0.48812
chrX	39900000	40000000	0.53637
chrX	40000000	40100000	0.4876
chrX	40100000	40200000	0.45825
chrX	40200000	40300000	0.46211
chrX	40300000	40400000	0.47132
chrX	40400000	40500000	0.42584
chrX	40500000	40600000	0.39244
chrX	40600000	40700000	0.42792
chrX	40700000	40800000	0.41469
chrX	40800000	40900000	0.43226
chrX	40900000	41000000	0.40021
chrX	41000000	41100000	0.39883
chrX	41100000	41200000	0.48183
chrX	41200000	41300000	0.45458
chrX	41300000	41400000	0.46066
chrX	41400000	41500000	0.3926
chrX	41500000	41600000	0.39983
chrX	41600000	41700000	0.3866
chrX	41700000	41800000	0.36798
chrX	41800000	41900000	0.39148
chrX	41900000	42000000	0.40116
chrX	42000000	42100000	0.40257
chrX	42100000	42200000	0.38251
chrX	42200000	42300000	0.38719
chrX	42300000	42400000	0.38706
chrX	42400000	42500000	0.37711
chrX	42500000	42600000	0.38208
chrX	42600000	42700000	0.39125
chrX	42700000	42800000	0.37681
chrX	42800000	42900000	0.37996
chrX	42900000	43000000	0.37118
chrX	43000000	43100000	0.37556
chrX	43100000	43200000	0.38398
chrX	43200000	43300000	0.37833
chrX	43300000	43400000	0.39135
chrX	43400000	43500000	0.39997
chrX	43500000	43600000	0.40366
chrX	43600000	43700000	0.41093
chrX	43700000	43800000	0.39142
chrX	43800000	43900000	0.40312
chrX	43900000	44000000	0.39465
chrX	44000000	44100000	0.40179
chrX	44100000	44200000	0.39772
chrX	44200000	44300000	0.40176
chrX	44300000	44400000	0.41248
chrX	44400000	44500000	0.42998
chrX	44500000	44600000	0.43081
chrX	44600000	44700000	0.42636
chrX	44700000	44800000	0.423
chrX	44800000	44900000	0.38945
chrX	44900000	45000000	0.37492
chrX	45000000	45100000	0.4113
chrX	45100000	45200000	0.40393
chrX	45200000	45300000	0.37885
chrX	45300000	45400000	0.38964
chrX	45400000	45500000	0.38602
chrX	45500000	45600000	0.37851
chrX	45600000	45700000	0.39501
chrX	45700000	45800000	0.40957
chrX	45800000	45900000	0.40334
chrX	45900000	46000000	0.38637
chrX	46000000	46100000	0.37945
chrX	46100000	46200000	0.38856
chrX	46200000	46300000	0.41191
chrX	46300000	46400000	0.40829
chrX	46400000	46500000	0.42033
chrX	46500000	46600000	0.44398
chrX	46600000	46700000	0.40136
chrX	46700000	46800000	0.43246
chrX	46800000	46900000	0.40564
chrX	46900000	47000000	0.39529
chrX	47000000	47100000	0.43332
chrX	47100000	47200000	0.50345
chrX	47200000	47300000	0.46484
chrX	47300000	47400000	0.44649
chrX	47400000	47500000	0.44555
chrX	47500000	47600000	0.48704
chrX	47600000	47700000	0.42363
chrX	47700000	47800000	0.39235
chrX	47800000	47900000	0.40012
chrX	47900000	48000000	0.42718
chrX	48000000	48100000	0.44384
chrX	48100000	48200000	0.44082
chrX	48200000	48300000	0.43729
chrX	48300000	48400000	0.432
chrX	48400000	48500000	0.4757
chrX	48500000	48600000	0.48914
chrX	48600000	48700000	0.46678
chrX	48700000	48800000	0.47205
chrX	48800000	48900000	0.49154
chrX	48900000	49000000	0.50566
chrX	49000000	49100000	0.509
chrX	49100000	49200000	0.51488
chrX	49200000	49300000	0.49927
chrX	49300000	49400000	0.44058
chrX	49400000	49500000	0.42389
chrX	49500000	49600000	0.41817
chrX	49600000	49700000	0.40164
chrX	49700000	49800000	0.39921
chrX	49800000	49900000	0.39488
chrX	49900000	50000000	0.41797
chrX	50000000	50100000	0.41152
chrX	50100000	50200000	0.40844
chrX	50200000	50300000	0.39345
chrX	50300000	50400000	0.40805
chrX	50400000	50500000	0.3939
chrX	50500000	50600000	0.39478
chrX	50600000	50700000	0.40358
chrX	50700000	50800000	0.39587
chrX	50800000	50900000	0.39634
chrX	50900000	51000000	0.40173
chrX	51000000	51100000	0.37918
chrX	51100000	51200000	0.39946
chrX	51200000	51300000	0.40005
chrX	51300000	51400000	0.38913
chrX	51400000	51500000	0.4079
chrX	51500000	51600000	0.42231
chrX	51600000	51700000	0.38444
chrX	51700000	51800000	0.38982
chrX	51800000	51900000	0.3867
chrX	51900000	52000000	0.42373
chrX	52000000	52100000	0.42294
chrX	52100000	52200000	0.38709
chrX	52200000	52300000	0.40742
chrX	52300000	52400000	0.42495
chrX	52400000	52500000	0.41223
chrX	52500000	52600000	0.4134
chrX	52600000	52700000	0.45453
chrX	52700000	52800000	0.45714
chrX	52800000	52900000	0.4488
chrX	52900000	53000000	0.47815
chrX	53000000	53100000	0.47653
chrX	53100000	53200000	0.45975
chrX	53200000	53300000	0.45542
chrX	53300000	53400000	0.39323
chrX	53400000	53500000	0.42461
chrX	53500000	53600000	0.42054
chrX	53600000	53700000	0.42696
chrX	53700000	53800000	0.43611
chrX	53800000	53900000	0.42432
chrX	53900000	54000000	0.40018
chrX	54000000	54100000	0.40802
chrX	54100000	54200000	0.4633
chrX	54200000	54300000	0.47836
chrX	54300000	54400000	0.39494
chrX	54400000	54500000	0.40188
chrX	54500000	54600000	0.42576
chrX	54600000	54700000	0.41602
chrX	54700000	54800000	0.40798
chrX	54800000	54900000	0.39627
chrX	54900000	55000000	0.40914
chrX	55000000	55100000	0.38534
chrX	55100000	55200000	0.39922
chrX	55200000	55300000	0.38021
chrX	55300000	55400000	0.42625
chrX	55400000	55500000	0.37423
chrX	55500000	55600000	0.39858
chrX	55600000	55700000	0.39905
chrX	55700000	55800000	0.39643
chrX	55800000	55900000	0.39463
chrX	55900000	56000000	0.38782
chrX	56000000	56100000	0.38548
chrX	56100000	56200000	0.39256
chrX	56200000	56300000	0.38633
chrX	56300000	56400000	0.37323
chrX	56400000	56500000	0.3855
chrX	56500000	56600000	0.41385
chrX	56600000	56700000	0.43441
chrX	56700000	56800000	0.39112
chrX	56800000	56900000	0.4078
chrX	56900000	57000000	0.39435
chrX	57000000	57100000	0.38747
chrX	57100000	57200000	0.37872
chrX	57200000	57300000	0.38389
chrX	57300000	57400000	0.39455
chrX	57400000	57500000	0.38296
chrX	57500000	57600000	0.39754
chrX	57600000	57700000	0.37817
chrX	57700000	57800000	0.38333
chrX	57800000	57900000	0.37024
chrX	57900000	58000000	0.45378
chrX	58000000	58100000	0.4241
chrX	58100000	58200000	0.40503
chrX	58200000	58300000	0.37666
chrX	58300000	58400000	0.38125
chrX	58400000	58500000	0.3791
chrX	58500000	58600000	0.37425
chrX	58600000	58700000	0.3767
chrX	58700000	58800000	0.37196
chrX	58800000	58900000	0.37506
chrX	58900000	59000000	0.37035
chrX	59000000	59100000	0.37191
chrX	59100000	59200000	0.37375
chrX	59200000	59300000	0.3953
chrX	59300000	59400000	0.3956856856856857
chrX	59400000	59500000	0.40003
chrX	59500000	59600000	0.38392
chrX	59600000	59700000	0.37211
chrX	59700000	59800000	0.38056
chrX	59800000	59900000	0.3736
chrX	59900000	60000000	0.37825
chrX	60000000	60100000	0.38656
chrX	60100000	60200000	0.37912
chrX	60200000	60300000	0.38181
chrX	60300000	60400000	0.38214
chrX	60400000	60500000	0.36758
chrX	60500000	60600000	0.39677
chrX	60600000	60700000	0.40483
chrX	60700000	60800000	0.40611
chrX	60800000	60900000	0.39859
chrX	60900000	61000000	0.39252
chrX	61000000	61100000	0.38974
chrX	61100000	61200000	0.43053
chrX	61200000	61300000	0.39068
chrX	61300000	61400000	0.39504
chrX	61400000	61500000	0.38143
chrX	61500000	61600000	0.39358
chrX	61600000	61700000	0.38795
chrX	61700000	61800000	0.37858
chrX	61800000	61900000	0.3845
chrX	61900000	62000000	0.36911
chrX	62000000	62100000	0.37426
chrX	62100000	62200000	0.44749
chrX	62200000	62300000	0.44824
chrX	62300000	62400000	0.42285
chrX	62400000	62500000	0.41118
chrX	62500000	62600000	0.39636
chrX	62600000	62700000	0.40014
chrX	62700000	62800000	0.38302
chrX	62800000	62900000	0.38317
chrX	62900000	63000000	0.39076
chrX	63000000	63100000	0.37531
chrX	63100000	63200000	0.38764
chrX	63200000	63300000	0.37445
chrX	63300000	63400000	0.38195
chrX	63400000	63500000	0.37999
chrX	63500000	63600000	0.38405
chrX	63600000	63700000	0.38355
chrX	63700000	63800000	0.38428
chrX	63800000	63900000	0.39081
chrX	63900000	64000000	0.3812
chrX	64000000	64100000	0.37199
chrX	64100000	64200000	0.38191
chrX	64200000	64300000	0.36803
chrX	64300000	64400000	0.37321
chrX	64400000	64500000	0.36598
chrX	64500000	64600000	0.39225
chrX	64600000	64700000	0.39685
chrX	64700000	64800000	0.39783
chrX	64800000	64900000	0.37468
chrX	64900000	65000000	0.37851
chrX	65000000	65100000	0.3873
chrX	65100000	65200000	0.38427
chrX	65200000	65300000	0.38475
chrX	65300000	65400000	0.39094
chrX	65400000	65500000	0.41737
chrX	65500000	65600000	0.41333
chrX	65600000	65700000	0.42157
chrX	65700000	65800000	0.4859
chrX	65800000	65900000	0.46531
chrX	65900000	66000000	0.49022
chrX	66000000	66100000	0.45469
chrX	66100000	66200000	0.49866
chrX	66200000	66300000	0.47492
chrX	66300000	66400000	0.47216
chrX	66400000	66500000	0.4107
chrX	66500000	66600000	0.45595
chrX	66600000	66700000	0.39142
chrX	66700000	66800000	0.38882
chrX	66800000	66900000	0.37832
chrX	66900000	67000000	0.38029
chrX	67000000	67100000	0.41767
chrX	67100000	67200000	0.4497
chrX	67200000	67300000	0.42729
chrX	67300000	67400000	0.41063
chrX	67400000	67500000	0.45061
chrX	67500000	67600000	0.43178
chrX	67600000	67700000	0.36982
chrX	67700000	67800000	0.38481
chrX	67800000	67900000	0.40026
chrX	67900000	68000000	0.41363
chrX	68000000	68100000	0.4377
chrX	68100000	68200000	0.49324
chrX	68200000	68300000	0.47933
chrX	68300000	68400000	0.44513
chrX	68400000	68500000	0.43287
chrX	68500000	68600000	0.43416
chrX	68600000	68700000	0.47356
chrX	68700000	68800000	0.5116716867469879
chrX	68800000	68900000	0.42906277803094417
chrX	68900000	69000000	0.42609
chrX	69000000	69100000	0.43334
chrX	69100000	69200000	0.46871
chrX	69200000	69300000	0.43874
chrX	69300000	69400000	0.45994
chrX	69400000	69500000	0.41175
chrX	69500000	69600000	0.38886
chrX	69600000	69700000	0.3894
chrX	69700000	69800000	0.38668
chrX	69800000	69900000	0.42211
chrX	69900000	70000000	0.43209460723775306
chrX	70000000	70100000	0.41486
chrX	70100000	70200000	0.39894
chrX	70200000	70300000	0.38233
chrX	70300000	70400000	0.38041
chrX	70400000	70500000	0.38774
chrX	70500000	70600000	0.39163
chrX	70600000	70700000	0.37351
chrX	70700000	70800000	0.38748
chrX	70800000	70900000	0.38624
chrX	70900000	71000000	0.4101
chrX	71000000	71100000	0.40854
chrX	71100000	71200000	0.3972
chrX	71200000	71300000	0.39817
chrX	71300000	71400000	0.39635
chrX	71400000	71500000	0.4151
chrX	71500000	71600000	0.43642
chrX	71600000	71700000	0.42142
chrX	71700000	71800000	0.39479
chrX	71800000	71900000	0.40222
chrX	71900000	72000000	0.38316
chrX	72000000	72100000	0.39402
chrX	72100000	72200000	0.35708
chrX	72200000	72300000	0.38475
chrX	72300000	72400000	0.38106
chrX	72400000	72500000	0.37349
chrX	72500000	72600000	0.37496
chrX	72600000	72700000	0.39937
chrX	72700000	72800000	0.39196
chrX	72800000	72900000	0.41051
chrX	72900000	73000000	0.38052
chrX	73000000	73100000	0.38366
chrX	73100000	73200000	0.3822
chrX	73200000	73300000	0.39215
chrX	73300000	73400000	0.39249
chrX	73400000	73500000	0.38137
chrX	73500000	73600000	0.39484
chrX	73600000	73700000	0.38842
chrX	73700000	73800000	0.39776
chrX	73800000	73900000	0.39459
chrX	73900000	74000000	0.3925
chrX	74000000	74100000	0.40303
chrX	74100000	74200000	0.42351
chrX	74200000	74300000	0.36788
chrX	74300000	74400000	0.35943
chrX	74400000	74500000	0.41446
chrX	74500000	74600000	0.41862
chrX	74600000	74700000	0.38357
chrX	74700000	74800000	0.40625
chrX	74800000	74900000	0.40329
chrX	74900000	75000000	0.39162
chrX	75000000	75100000	0.38209
chrX	75100000	75200000	0.37639
chrX	75200000	75300000	0.37848
chrX	75300000	75400000	0.37382
chrX	75400000	75500000	0.38103
chrX	75500000	75600000	0.3834
chrX	75600000	75700000	0.37483
chrX	75700000	75800000	0.37687
chrX	75800000	75900000	0.37771
chrX	75900000	76000000	0.37933
chrX	76000000	76100000	0.36927
chrX	76100000	76200000	0.36875
chrX	76200000	76300000	0.37735
chrX	76300000	76400000	0.36976
chrX	76400000	76500000	0.36704
chrX	76500000	76600000	0.36486
chrX	76600000	76700000	0.37636
chrX	76700000	76800000	0.38108
chrX	76800000	76900000	0.37883
chrX	76900000	77000000	0.36873
chrX	77000000	77100000	0.38171
chrX	77100000	77200000	0.36599
chrX	77200000	77300000	0.38539
chrX	77300000	77400000	0.37523
chrX	77400000	77500000	0.3519
chrX	77500000	77600000	0.38245
chrX	77600000	77700000	0.38099
chrX	77700000	77800000	0.38067
chrX	77800000	77900000	0.36723
chrX	77900000	78000000	0.36622
chrX	78000000	78100000	0.37056
chrX	78100000	78200000	0.36334
chrX	78200000	78300000	0.35928
chrX	78300000	78400000	0.37171
chrX	78400000	78500000	0.37258
chrX	78500000	78600000	0.38689
chrX	78600000	78700000	0.35936
chrX	78700000	78800000	0.35808
chrX	78800000	78900000	0.36079
chrX	78900000	79000000	0.37755
chrX	79000000	79100000	0.36553
chrX	79100000	79200000	0.37301
chrX	79200000	79300000	0.35483
chrX	79300000	79400000	0.37185
chrX	79400000	79500000	0.35384
chrX	79500000	79600000	0.38247
chrX	79600000	79700000	0.36935
chrX	79700000	79800000	0.35348
chrX	79800000	79900000	0.35562
chrX	79900000	80000000	0.37619
chrX	80000000	80100000	0.35841
chrX	80100000	80200000	0.35966
chrX	80200000	80300000	0.36826
chrX	80300000	80400000	0.36268
chrX	80400000	80500000	0.37819
chrX	80500000	80600000	0.35196
chrX	80600000	80700000	0.36173
chrX	80700000	80800000	0.36089
chrX	80800000	80900000	0.37547
chrX	80900000	81000000	0.35363
chrX	81000000	81100000	0.36476
chrX	81100000	81200000	0.35799
chrX	81200000	81300000	0.35443
chrX	81300000	81400000	0.35394
chrX	81400000	81500000	0.36615
chrX	81500000	81600000	0.35944
chrX	81600000	81700000	0.37671
chrX	81700000	81800000	0.36672
chrX	81800000	81900000	0.38533
chrX	81900000	82000000	0.37828
chrX	82000000	82100000	0.37381
chrX	82100000	82200000	0.35247
chrX	82200000	82300000	0.36192
chrX	82300000	82400000	0.36311
chrX	82400000	82500000	0.38773
chrX	82500000	82600000	0.36731
chrX	82600000	82700000	0.37387
chrX	82700000	82800000	0.36869
chrX	82800000	82900000	0.37221
chrX	82900000	83000000	0.38723
chrX	83000000	83100000	0.3657
chrX	83100000	83200000	0.37405
chrX	83200000	83300000	0.36014
chrX	83300000	83400000	0.35161
chrX	83400000	83500000	0.3617
chrX	83500000	83600000	0.35752
chrX	83600000	83700000	0.35257
chrX	83700000	83800000	0.35365
chrX	83800000	83900000	0.3562
chrX	83900000	84000000	0.35394
chrX	84000000	84100000	0.36358
chrX	84100000	84200000	0.37362
chrX	84200000	84300000	0.36522
chrX	84300000	84400000	0.35314
chrX	84400000	84500000	0.36497
chrX	84500000	84600000	0.37511
chrX	84600000	84700000	0.35907
chrX	84700000	84800000	0.36526
chrX	84800000	84900000	0.35819
chrX	84900000	85000000	0.36471
chrX	85000000	85100000	0.36067
chrX	85100000	85200000	0.37151
chrX	85200000	85300000	0.37168
chrX	85300000	85400000	0.3556
chrX	85400000	85500000	0.34643
chrX	85500000	85600000	0.35883
chrX	85600000	85700000	0.35496
chrX	85700000	85800000	0.35788
chrX	85800000	85900000	0.3504
chrX	85900000	86000000	0.35632
chrX	86000000	86100000	0.35871
chrX	86100000	86200000	0.34268
chrX	86200000	86300000	0.34324
chrX	86300000	86400000	0.3644
chrX	86400000	86500000	0.35224
chrX	86500000	86600000	0.35945
chrX	86600000	86700000	0.35842
chrX	86700000	86800000	0.34729
chrX	86800000	86900000	0.35978
chrX	86900000	87000000	0.35645
chrX	87000000	87100000	0.36702
chrX	87100000	87200000	0.35874
chrX	87200000	87300000	0.35877
chrX	87300000	87400000	0.34694
chrX	87400000	87500000	0.35624
chrX	87500000	87600000	0.35998
chrX	87600000	87700000	0.36076
chrX	87700000	87800000	0.3553
chrX	87800000	87900000	0.36911
chrX	87900000	88000000	0.3552
chrX	88000000	88100000	0.35862
chrX	88100000	88200000	0.36227
chrX	88200000	88300000	0.36117
chrX	88300000	88400000	0.36929
chrX	88400000	88500000	0.36444
chrX	88500000	88600000	0.34972
chrX	88600000	88700000	0.34794
chrX	88700000	88800000	0.36432
chrX	88800000	88900000	0.36703
chrX	88900000	89000000	0.36366
chrX	89000000	89100000	0.34331
chrX	89100000	89200000	0.34051
chrX	89200000	89300000	0.35384
chrX	89300000	89400000	0.37182
chrX	89400000	89500000	0.37305
chrX	89500000	89600000	0.34933
chrX	89600000	89700000	0.35994
chrX	89700000	89800000	0.35456
chrX	89800000	89900000	0.37403
chrX	89900000	90000000	0.34436
chrX	90000000	90100000	0.37521
chrX	90100000	90200000	0.36636
chrX	90200000	90300000	0.37401
chrX	90300000	90400000	0.35952
chrX	90400000	90500000	0.36144
chrX	90500000	90600000	0.35919
chrX	90600000	90700000	0.37139
chrX	90700000	90800000	0.36594
chrX	90800000	90900000	0.36691
chrX	90900000	91000000	0.35828
chrX	91000000	91100000	0.35829
chrX	91100000	91200000	0.3491
chrX	91200000	91300000	0.36081
chrX	91300000	91400000	0.34546
chrX	91400000	91500000	0.36563
chrX	91500000	91600000	0.38968
chrX	91600000	91700000	0.49413
chrX	91700000	91800000	0.5191791791791792
chrX	91800000	91900000	0.38946
chrX	91900000	92000000	0.35551
chrX	92000000	92100000	0.35719
chrX	92100000	92200000	0.35353
chrX	92200000	92300000	0.36588
chrX	92300000	92400000	0.35766
chrX	92400000	92500000	0.36288
chrX	92500000	92600000	0.36489
chrX	92600000	92700000	0.36129
chrX	92700000	92800000	0.36674
chrX	92800000	92900000	0.36853
chrX	92900000	93000000	0.35685
chrX	93000000	93100000	0.35521
chrX	93100000	93200000	0.38021
chrX	93200000	93300000	0.36667
chrX	93300000	93400000	0.38708
chrX	93400000	93500000	0.36924
chrX	93500000	93600000	0.39832
chrX	93600000	93700000	0.36679
chrX	93700000	93800000	0.3532
chrX	93800000	93900000	0.35794
chrX	93900000	94000000	0.35581
chrX	94000000	94100000	0.37699
chrX	94100000	94200000	0.38408
chrX	94200000	94300000	0.38581
chrX	94300000	94400000	0.38106
chrX	94400000	94500000	0.37483
chrX	94500000	94600000	0.38868
chrX	94600000	94700000	0.38057
chrX	94700000	94800000	0.36922
chrX	94800000	94900000	0.3735
chrX	94900000	95000000	0.36273
chrX	95000000	95100000	0.37138
chrX	95100000	95200000	0.36772
chrX	95200000	95300000	0.37109
chrX	95300000	95400000	0.35866
chrX	95400000	95500000	0.35652
chrX	95500000	95600000	0.36572
chrX	95600000	95700000	0.35983
chrX	95700000	95800000	0.34813
chrX	95800000	95900000	0.3547
chrX	95900000	96000000	0.363
chrX	96000000	96100000	0.35788
chrX	96100000	96200000	0.35943
chrX	96200000	96300000	0.35194
chrX	96300000	96400000	0.3754
chrX	96400000	96500000	0.36102
chrX	96500000	96600000	0.37144
chrX	96600000	96700000	0.36278
chrX	96700000	96800000	0.36655
chrX	96800000	96900000	0.37148
chrX	96900000	97000000	0.38203
chrX	97000000	97100000	0.39095
chrX	97100000	97200000	0.40673
chrX	97200000	97300000	0.39338
chrX	97300000	97400000	0.38884
chrX	97400000	97500000	0.41285
chrX	97500000	97600000	0.40402
chrX	97600000	97700000	0.40055
chrX	97700000	97800000	0.41606
chrX	97800000	97900000	0.43791
chrX	97900000	98000000	0.40831
chrX	98000000	98100000	0.42838
chrX	98100000	98200000	0.42328
chrX	98200000	98300000	0.41978
chrX	98300000	98400000	0.41164
chrX	98400000	98500000	0.39737
chrX	98500000	98600000	0.38203
chrX	98600000	98700000	0.37896
chrX	98700000	98800000	0.39516
chrX	98800000	98900000	0.41055
chrX	98900000	99000000	0.41963742283279715
chrX	99000000	99100000	0.3848241864528408
chrX	99100000	99200000	0.3975
chrX	99200000	99300000	0.39372
chrX	99300000	99400000	0.41175
chrX	99400000	99500000	0.39182
chrX	99500000	99600000	0.39394
chrX	99600000	99700000	0.4235
chrX	99700000	99800000	0.41224
chrX	99800000	99900000	0.39275
chrX	99900000	100000000	0.39882
chrX	100000000	100100000	0.40443
chrX	100100000	100200000	0.38981
chrX	100200000	100300000	0.43153
chrX	100300000	100400000	0.42672
chrX	100400000	100500000	0.39703
chrX	100500000	100600000	0.43402
chrX	100600000	100700000	0.43167
chrX	100700000	100800000	0.42422
chrX	100800000	100900000	0.40026
chrX	100900000	101000000	0.43488
chrX	101000000	101100000	0.40097
chrX	101100000	101200000	0.39891
chrX	101200000	101300000	0.39091
chrX	101300000	101400000	0.37851
chrX	101400000	101500000	0.38739
chrX	101500000	101600000	0.3738
chrX	101600000	101700000	0.36983
chrX	101700000	101800000	0.37837
chrX	101800000	101900000	0.37972
chrX	101900000	102000000	0.3857
chrX	102000000	102100000	0.3708
chrX	102100000	102200000	0.37133
chrX	102200000	102300000	0.36893
chrX	102300000	102400000	0.36773
chrX	102400000	102500000	0.37032
chrX	102500000	102600000	0.37861
chrX	102600000	102700000	0.35254
chrX	102700000	102800000	0.39426
chrX	102800000	102900000	0.39146
chrX	102900000	103000000	0.36626
chrX	103000000	103100000	0.37429
chrX	103100000	103200000	0.39924
chrX	103200000	103300000	0.38297
chrX	103300000	103400000	0.36271
chrX	103400000	103500000	0.36445
chrX	103500000	103600000	0.37079
chrX	103600000	103700000	0.39261
chrX	103700000	103800000	0.41124
chrX	103800000	103900000	0.36488
chrX	103900000	104000000	0.3703
chrX	104000000	104100000	0.40519
chrX	104100000	104200000	0.4142
chrX	104200000	104300000	0.45383
chrX	104300000	104400000	0.44879
chrX	104400000	104500000	0.47354
chrX	104500000	104600000	0.42194
chrX	104600000	104700000	0.39887
chrX	104700000	104800000	0.40198
chrX	104800000	104900000	0.40364
chrX	104900000	105000000	0.43504
chrX	105000000	105100000	0.39784
chrX	105100000	105200000	0.39167
chrX	105200000	105300000	0.36661
chrX	105300000	105400000	0.35376
chrX	105400000	105500000	0.36451
chrX	105500000	105600000	0.37139
chrX	105600000	105700000	0.36607
chrX	105700000	105800000	0.37891
chrX	105800000	105900000	0.36464
chrX	105900000	106000000	0.38074
chrX	106000000	106100000	0.40957
chrX	106100000	106200000	0.40133
chrX	106200000	106300000	0.38251
chrX	106300000	106400000	0.40686
chrX	106400000	106500000	0.38622
chrX	106500000	106600000	0.4132
chrX	106600000	106700000	0.42522
chrX	106700000	106800000	0.42142
chrX	106800000	106900000	0.40742
chrX	106900000	107000000	0.41119
chrX	107000000	107100000	0.37198
chrX	107100000	107200000	0.40855
chrX	107200000	107300000	0.40255
chrX	107300000	107400000	0.39982
chrX	107400000	107500000	0.39277
chrX	107500000	107600000	0.39687
chrX	107600000	107700000	0.40043
chrX	107700000	107800000	0.39384
chrX	107800000	107900000	0.38792
chrX	107900000	108000000	0.39491
chrX	108000000	108100000	0.39693
chrX	108100000	108200000	0.38615
chrX	108200000	108300000	0.3769
chrX	108300000	108400000	0.37257
chrX	108400000	108500000	0.37115
chrX	108500000	108600000	0.41041
chrX	108600000	108700000	0.39826
chrX	108700000	108800000	0.40689
chrX	108800000	108900000	0.38042
chrX	108900000	109000000	0.38746
chrX	109000000	109100000	0.38491
chrX	109100000	109200000	0.3806
chrX	109200000	109300000	0.38844
chrX	109300000	109400000	0.39236
chrX	109400000	109500000	0.40019
chrX	109500000	109600000	0.41148
chrX	109600000	109700000	0.38227
chrX	109700000	109800000	0.38307
chrX	109800000	109900000	0.37374
chrX	109900000	110000000	0.36196
chrX	110000000	110100000	0.36785
chrX	110100000	110200000	0.36986
chrX	110200000	110300000	0.36194
chrX	110300000	110400000	0.36038
chrX	110400000	110500000	0.37781
chrX	110500000	110600000	0.37391
chrX	110600000	110700000	0.38742
chrX	110700000	110800000	0.37647
chrX	110800000	110900000	0.36131
chrX	110900000	111000000	0.36005
chrX	111000000	111100000	0.34991
chrX	111100000	111200000	0.36182
chrX	111200000	111300000	0.34096
chrX	111300000	111400000	0.3511
chrX	111400000	111500000	0.37005
chrX	111500000	111600000	0.37943
chrX	111600000	111700000	0.3584
chrX	111700000	111800000	0.38277
chrX	111800000	111900000	0.39529
chrX	111900000	112000000	0.39116
chrX	112000000	112100000	0.39668
chrX	112100000	112200000	0.41217
chrX	112200000	112300000	0.43879
chrX	112300000	112400000	0.39469
chrX	112400000	112500000	0.36961
chrX	112500000	112600000	0.35692
chrX	112600000	112700000	0.37569
chrX	112700000	112800000	0.36128
chrX	112800000	112900000	0.35343
chrX	112900000	113000000	0.36921
chrX	113000000	113100000	0.36305
chrX	113100000	113200000	0.3568
chrX	113200000	113300000	0.36407
chrX	113300000	113400000	0.36673
chrX	113400000	113500000	0.36546
chrX	113500000	113600000	0.36601
chrX	113600000	113700000	0.37203
chrX	113700000	113800000	0.37973
chrX	113800000	113900000	0.38071
chrX	113900000	114000000	0.38897
chrX	114000000	114100000	0.37574
chrX	114100000	114200000	0.37859
chrX	114200000	114300000	0.35868
chrX	114300000	114400000	0.36804
chrX	114400000	114500000	0.40282
chrX	114500000	114600000	0.39262
chrX	114600000	114700000	0.3946
chrX	114700000	114800000	0.42777
chrX	114800000	114900000	0.40127
chrX	114900000	115000000	0.40416
chrX	115000000	115100000	0.40935
chrX	115100000	115200000	0.43122
chrX	115200000	115300000	0.43726
chrX	115300000	115400000	0.41609
chrX	115400000	115500000	0.43413
chrX	115500000	115600000	0.40795
chrX	115600000	115700000	0.41938
chrX	115700000	115800000	0.45963
chrX	115800000	115900000	0.43467
chrX	115900000	116000000	0.47038
chrX	116000000	116100000	0.47866
chrX	116100000	116200000	0.44651
chrX	116200000	116300000	0.42493
chrX	116300000	116400000	0.43237
chrX	116400000	116500000	0.42275
chrX	116500000	116600000	0.41307
chrX	116600000	116700000	0.40073
chrX	116700000	116800000	0.39564
chrX	116800000	116900000	0.40772
chrX	116900000	117000000	0.40335
chrX	117000000	117100000	0.41196
chrX	117100000	117200000	0.37944
chrX	117200000	117300000	0.39305
chrX	117300000	117400000	0.38455
chrX	117400000	117500000	0.37363
chrX	117500000	117600000	0.36867
chrX	117600000	117700000	0.36479
chrX	117700000	117800000	0.37199
chrX	117800000	117900000	0.35897
chrX	117900000	118000000	0.35511
chrX	118000000	118100000	0.35761
chrX	118100000	118200000	0.36165
chrX	118200000	118300000	0.36445
chrX	118300000	118400000	0.3597
chrX	118400000	118500000	0.36627
chrX	118500000	118600000	0.35509
chrX	118600000	118700000	0.37059
chrX	118700000	118800000	0.37387
chrX	118800000	118900000	0.36852
chrX	118900000	119000000	0.36496
chrX	119000000	119100000	0.37813
chrX	119100000	119200000	0.37811
chrX	119200000	119300000	0.37178
chrX	119300000	119400000	0.38525
chrX	119400000	119500000	0.39683
chrX	119500000	119600000	0.38785
chrX	119600000	119700000	0.38783
chrX	119700000	119800000	0.40067
chrX	119800000	119900000	0.37342
chrX	119900000	120000000	0.41631
chrX	120000000	120100000	0.46237
chrX	120100000	120200000	0.43033
chrX	120200000	120300000	0.38447
chrX	120300000	120400000	0.38714
chrX	120400000	120500000	0.41708
chrX	120500000	120600000	0.38836
chrX	120600000	120700000	0.38705
chrX	120700000	120800000	0.37918
chrX	120800000	120900000	0.36547
chrX	120900000	121000000	0.36427
chrX	121000000	121100000	0.35957
chrX	121100000	121200000	0.36293
chrX	121200000	121300000	0.36217
chrX	121300000	121400000	0.3618
chrX	121400000	121500000	0.37464
chrX	121500000	121600000	0.38063
chrX	121600000	121700000	0.37138
chrX	121700000	121800000	0.35709
chrX	121800000	121900000	0.36376
chrX	121900000	122000000	0.36138
chrX	122000000	122100000	0.35818
chrX	122100000	122200000	0.35862
chrX	122200000	122300000	0.36466
chrX	122300000	122400000	0.36004
chrX	122400000	122500000	0.36179
chrX	122500000	122600000	0.36378
chrX	122600000	122700000	0.34614
chrX	122700000	122800000	0.36197
chrX	122800000	122900000	0.35799
chrX	122900000	123000000	0.35263
chrX	123000000	123100000	0.37248
chrX	123100000	123200000	0.35729
chrX	123200000	123300000	0.34924
chrX	123300000	123400000	0.35251
chrX	123400000	123500000	0.35178
chrX	123500000	123600000	0.35573
chrX	123600000	123700000	0.35067
chrX	123700000	123800000	0.36938
chrX	123800000	123900000	0.34424
chrX	123900000	124000000	0.34496
chrX	124000000	124100000	0.35354
chrX	124100000	124200000	0.36538
chrX	124200000	124300000	0.35524
chrX	124300000	124400000	0.35705
chrX	124400000	124500000	0.3518
chrX	124500000	124600000	0.35313
chrX	124600000	124700000	0.3676
chrX	124700000	124800000	0.37181
chrX	124800000	124900000	0.37579
chrX	124900000	125000000	0.38646
chrX	125000000	125100000	0.37784
chrX	125100000	125200000	0.38007
chrX	125200000	125300000	0.39441
chrX	125300000	125400000	0.41135
chrX	125400000	125500000	0.39016
chrX	125500000	125600000	0.39046
chrX	125600000	125700000	0.38428
chrX	125700000	125800000	0.37746
chrX	125800000	125900000	0.43647
chrX	125900000	126000000	0.45809
chrX	126000000	126100000	0.46685
chrX	126100000	126200000	0.44891
chrX	126200000	126300000	0.49985
chrX	126300000	126400000	0.50532
chrX	126400000	126500000	0.41549
chrX	126500000	126600000	0.40646
chrX	126600000	126700000	0.41352
chrX	126700000	126800000	0.39324
chrX	126800000	126900000	0.40878
chrX	126900000	127000000	0.39856
chrX	127000000	127100000	0.3827
chrX	127100000	127200000	0.38355
chrX	127200000	127300000	0.38695
chrX	127300000	127400000	0.41206
chrX	127400000	127500000	0.39055
chrX	127500000	127600000	0.39135
chrX	127600000	127700000	0.38207
chrX	127700000	127800000	0.38142
chrX	127800000	127900000	0.37831
chrX	127900000	128000000	0.41298
chrX	128000000	128100000	0.39959
chrX	128100000	128200000	0.38893
chrX	128200000	128300000	0.37998
chrX	128300000	128400000	0.38693
chrX	128400000	128500000	0.39492
chrX	128500000	128600000	0.38274
chrX	128600000	128700000	0.37037
chrX	128700000	128800000	0.37393
chrX	128800000	128900000	0.39549
chrX	128900000	129000000	0.40983
chrX	129000000	129100000	0.41572
chrX	129100000	129200000	0.40117
chrX	129200000	129300000	0.4121
chrX	129300000	129400000	0.39747
chrX	129400000	129500000	0.41293
chrX	129500000	129600000	0.42143
chrX	129600000	129700000	0.42258
chrX	129700000	129800000	0.44278
chrX	129800000	129900000	0.40602
chrX	129900000	130000000	0.3956
chrX	130000000	130100000	0.38994
chrX	130100000	130200000	0.39142
chrX	130200000	130300000	0.40664
chrX	130300000	130400000	0.39822
chrX	130400000	130500000	0.40293
chrX	130500000	130600000	0.38617
chrX	130600000	130700000	0.38517
chrX	130700000	130800000	0.41761
chrX	130800000	130900000	0.42741
chrX	130900000	131000000	0.42243
chrX	131000000	131100000	0.41582
chrX	131100000	131200000	0.41559
chrX	131200000	131300000	0.43502
chrX	131300000	131400000	0.42559
chrX	131400000	131500000	0.39958
chrX	131500000	131600000	0.4081
chrX	131600000	131700000	0.4199
chrX	131700000	131800000	0.41951
chrX	131800000	131900000	0.3998
chrX	131900000	132000000	0.42356
chrX	132000000	132100000	0.41449
chrX	132100000	132200000	0.42324
chrX	132200000	132300000	0.41404
chrX	132300000	132400000	0.42768
chrX	132400000	132500000	0.38964
chrX	132500000	132600000	0.41067
chrX	132600000	132700000	0.40434
chrX	132700000	132800000	0.41179
chrX	132800000	132900000	0.39786
chrX	132900000	133000000	0.41529
chrX	133000000	133100000	0.44046
chrX	133100000	133200000	0.41373
chrX	133200000	133300000	0.39197
chrX	133300000	133400000	0.38095
chrX	133400000	133500000	0.40389
chrX	133500000	133600000	0.39309
chrX	133600000	133700000	0.40245
chrX	133700000	133800000	0.42601
chrX	133800000	133900000	0.39144
chrX	133900000	134000000	0.39847
chrX	134000000	134100000	0.39144
chrX	134100000	134200000	0.39406
chrX	134200000	134300000	0.37849
chrX	134300000	134400000	0.38414
chrX	134400000	134500000	0.3782
chrX	134500000	134600000	0.37466
chrX	134600000	134700000	0.37584
chrX	134700000	134800000	0.36906
chrX	134800000	134900000	0.37575
chrX	134900000	135000000	0.39898
chrX	135000000	135100000	0.4024
chrX	135100000	135200000	0.38808
chrX	135200000	135300000	0.39315
chrX	135300000	135400000	0.41214
chrX	135400000	135500000	0.39015
chrX	135500000	135600000	0.3789
chrX	135600000	135700000	0.385
chrX	135700000	135800000	0.37768
chrX	135800000	135900000	0.37389
chrX	135900000	136000000	0.38354
chrX	136000000	136100000	0.3907
chrX	136100000	136200000	0.41834
chrX	136200000	136300000	0.4128
chrX	136300000	136400000	0.39732
chrX	136400000	136500000	0.38701
chrX	136500000	136600000	0.3892
chrX	136600000	136700000	0.4117
chrX	136700000	136800000	0.40822
chrX	136800000	136900000	0.38719
chrX	136900000	137000000	0.4088
chrX	137000000	137100000	0.38382
chrX	137100000	137200000	0.39514
chrX	137200000	137300000	0.36561
chrX	137300000	137400000	0.38503
chrX	137400000	137500000	0.39654
chrX	137500000	137600000	0.39111
chrX	137600000	137700000	0.37661
chrX	137700000	137800000	0.36049
chrX	137800000	137900000	0.39585
chrX	137900000	138000000	0.39918
chrX	138000000	138100000	0.37638
chrX	138100000	138200000	0.38064
chrX	138200000	138300000	0.42636
chrX	138300000	138400000	0.37557
chrX	138400000	138500000	0.37287
chrX	138500000	138600000	0.36273
chrX	138600000	138700000	0.36198
chrX	138700000	138800000	0.36389
chrX	138800000	138900000	0.36633
chrX	138900000	139000000	0.36734
chrX	139000000	139100000	0.3797
chrX	139100000	139200000	0.36679
chrX	139200000	139300000	0.37345
chrX	139300000	139400000	0.36589
chrX	139400000	139500000	0.37035
chrX	139500000	139600000	0.39281
chrX	139600000	139700000	0.38237
chrX	139700000	139800000	0.38226
chrX	139800000	139900000	0.35514
chrX	139900000	140000000	0.36791
chrX	140000000	140100000	0.36084
chrX	140100000	140200000	0.36447
chrX	140200000	140300000	0.3594
chrX	140300000	140400000	0.36973
chrX	140400000	140500000	0.35158
chrX	140500000	140600000	0.3645
chrX	140600000	140700000	0.36546
chrX	140700000	140800000	0.35761
chrX	140800000	140900000	0.38618
chrX	140900000	141000000	0.37405
chrX	141000000	141100000	0.37946
chrX	141100000	141200000	0.38651
chrX	141200000	141300000	0.37498
chrX	141300000	141400000	0.36555
chrX	141400000	141500000	0.35836
chrX	141500000	141600000	0.38579
chrX	141600000	141700000	0.37884
chrX	141700000	141800000	0.39025
chrX	141800000	141900000	0.38316
chrX	141900000	142000000	0.37021
chrX	142000000	142100000	0.38399
chrX	142100000	142200000	0.39203
chrX	142200000	142300000	0.38851
chrX	142300000	142400000	0.38222
chrX	142400000	142500000	0.36908
chrX	142500000	142600000	0.37141
chrX	142600000	142700000	0.36372
chrX	142700000	142800000	0.36424
chrX	142800000	142900000	0.35662
chrX	142900000	143000000	0.36369
chrX	143000000	143100000	0.35901
chrX	143100000	143200000	0.35643
chrX	143200000	143300000	0.39254
chrX	143300000	143400000	0.36394
chrX	143400000	143500000	0.37108
chrX	143500000	143600000	0.36917
chrX	143600000	143700000	0.37016
chrX	143700000	143800000	0.38281
chrX	143800000	143900000	0.38301
chrX	143900000	144000000	0.38015
chrX	144000000	144100000	0.37972
chrX	144100000	144200000	0.38268
chrX	144200000	144300000	0.38804
chrX	144300000	144400000	0.3913
chrX	144400000	144500000	0.38657
chrX	144500000	144600000	0.38201
chrX	144600000	144700000	0.38179
chrX	144700000	144800000	0.3782
chrX	144800000	144900000	0.38526
chrX	144900000	145000000	0.39355
chrX	145000000	145100000	0.39802
chrX	145100000	145200000	0.3965
chrX	145200000	145300000	0.39086
chrX	145300000	145400000	0.40895
chrX	145400000	145500000	0.38067
chrX	145500000	145600000	0.45678
chrX	145600000	145700000	0.4701813690437496
chrX	145700000	145800000	0.42717149220489975
chrX	145800000	145900000	0.42410597997990546
chrX	145900000	146000000	0.42776
chrX	146000000	146100000	0.39354
chrX	146100000	146200000	0.42102
chrX	146200000	146300000	0.45185
chrX	146300000	146400000	0.46649
chrX	146400000	146500000	0.42588
chrX	146500000	146600000	0.44789
chrX	146600000	146700000	0.41292
chrX	146700000	146800000	0.43918
chrX	146800000	146900000	0.42033
chrX	146900000	147000000	0.47343
chrX	147000000	147100000	0.41508
chrX	147100000	147200000	0.40662
chrX	147200000	147300000	0.40158
chrX	147300000	147400000	0.4098
chrX	147400000	147500000	0.38561
chrX	147500000	147600000	0.40367
chrX	147600000	147700000	0.41846
chrX	147700000	147800000	0.45926
chrX	147800000	147900000	0.39776
chrX	147900000	148000000	0.43996
chrX	148000000	148100000	0.36667
chrX	148100000	148200000	0.4098
chrX	148200000	148300000	0.37773
chrX	148300000	148400000	0.37094
chrX	148400000	148500000	0.36706
chrX	148500000	148600000	0.38147
chrX	148600000	148700000	0.42517
chrX	148700000	148800000	0.45217
chrX	148800000	148900000	0.44694
chrX	148900000	149000000	0.51553
chrX	149000000	149100000	0.50593
chrX	149100000	149200000	0.41953
chrX	149200000	149300000	0.4641
chrX	149300000	149400000	0.47616
chrX	149400000	149500000	0.56471
chrX	149500000	149600000	0.54648
chrX	149600000	149700000	0.55036
chrX	149700000	149800000	0.56639
chrX	149800000	149900000	0.52608
chrX	149900000	150000000	0.54771
chrX	150000000	150100000	0.47959
chrX	150100000	150200000	0.48948
chrX	150200000	150300000	0.53136
chrX	150300000	150400000	0.57132
chrX	150400000	150500000	0.5299368216426373
chrX	150500000	150600000	0.5666417352281227
chrX	150600000	150700000	0.51653
chrX	150700000	150800000	0.41108
chrX	150800000	150900000	0.41368
chrX	150900000	151000000	0.39704
chrX	151000000	151100000	0.39176
chrX	151100000	151200000	0.39361
chrX	151200000	151300000	0.3821
chrX	151300000	151400000	0.39308
chrX	151400000	151500000	0.40398
chrX	151500000	151600000	0.37531
chrX	151600000	151700000	0.37607
chrX	151700000	151800000	0.38335
chrX	151800000	151900000	0.38684
chrX	151900000	152000000	0.44476
chrX	152000000	152100000	0.413023023023023
chrX	152100000	152200000	0.38913
chrX	152200000	152300000	0.37546
chrX	152300000	152400000	0.37561
chrX	152400000	152500000	0.37186
chrX	152500000	152600000	0.3675
chrX	152600000	152700000	0.36659
chrX	152700000	152800000	0.36127
chrX	152800000	152900000	0.41637
chrX	152900000	153000000	0.37336
chrX	153000000	153100000	0.36561
chrX	153100000	153200000	0.37091
chrX	153200000	153300000	0.37041
chrX	153300000	153388924	0.38971481264900365
